{"itemsID":[3000,2000,6000,5000,5001,5003,5004,5005,5006,5007,5008,5009,5010,5011,5012,5013,5014,5015,5016,5017,5018,5019,5020,5021,5002,7000,4000],"itemsAmount":[4,2,1,3,1,1,1,1,1,1,1,1,1,1,1,1,1,1,1,1,1,1,1,2,1,1,1],"maxStamina":100,"stamina":100,"staminaRegen":4,"staminaTimeRegen":0.20000000298023225,"level":1,"exp":0,"talentPoints":0,"weight":65.0,"strength":3,"agility":3,"intelligence":3,"oratory":3,"money":0,"maxHealth":10.0,"health":10.0,"healthPercent":1.0,"resistances":[0.029999999329447748,0.029999999329447748,0.029999999329447748,0.029999999329447748],"invinsibility":false,"weapon":{"instanceID":259894},"positionX":-10.694609642028809,"positionY":2.350294589996338}