{"itemsID":[],"itemsAmount":[],"maxStamina":100,"stamina":69,"staminaRegen":1,"staminaTimeRegen":0.20000000298023225,"level":1,"exp":0,"talentPoints":0,"weight":65.0,"strength":3,"agility":3,"intelligence":3,"oratory":3,"money":0,"maxHealth":10.0,"health":10.0,"healthPercent":1.0,"resistances":[0.029999999329447748,0.029999999329447748,0.029999999329447748,0.029999999329447748],"invinsibility":false,"weapon":{"instanceID":112688},"positionX":-4.6710686683654789,"positionY":-0.5837551355361939}